排名,关键词,搜索指数,搜索热度
1,17岁恋爱和27岁恋爱的区别 热,819946
2,眼如angelababy 鼻如热巴 热,702659
3,马思纯有范告白 荐,668121
4,mike 妈妈 热,587533
5,猎场开播,580446
6,胡歌谈十年前车祸 热,410375
7,杨幂 大仓,328239
8,把帝王蟹当成大蜘蛛 新,289689
9,新买的车被女朋友刮了 新,248277
10,小纸条帮她顺利分娩 新,231637
11,上海40套房,220843
12,就算给我6万也不卖 热,220448
13,刘星你敷的是涂改液吧 热,175776
14,上班22天连休8天 热,157785
15,手机QQ表情包今起戒烟,139536
16,王力宏遇疯狂女粉丝,136114
17,枫叶妆 口红 热,128293
18,趁男友昏睡注射水银,125764
19,对时尚的理解 保暖为主 新,123154
20,胡军女儿 T台走秀 热,117840
21,南京 晚霞,116429
22,潘玮柏 高三2班 新,115238
23,宋慧乔婚纱制作过程 热,110772
24,娄艺潇恋情 热,98904
25,您点的犬家桶到了 热,95526
26,郑爽 短袖 热,90249
27,微胖少女穿搭 热,89331
28,家长群辱骂老师被拘,83888
29,特朗普记者会突然放飞,82598
30,在一起久了 会有夫妻相,71946
31,杨丞琳 第一次吃猕猴桃,68995
32,周冬雨 我带头胖起来,66559
33,盛一伦 虎纹毛衣 新,63491
34,国国际蛋糕比赛 金奖作品,61120
35,seventeen回归,60882
36,章子怡 欧阳娜娜,57130
37,周琦 暴扣 新,55665
38,刘畊宏晒小泡芙与妹妹照片,55524
39,宋慧乔蜜月照,54403
40,深圳鹦鹉案二审开庭 新,54223
41,南方人不懂系列,54034
42,母天鹅拼命护蛋被强行推开,54019
43,新流星花园F4,52196
44,熊黛林公布怀孕喜讯,51239
45,一个骗过了全世界的假动作,49338
46,开着尾巴着火的巴士在路上 新,48599
47,江西炒粉 新,48111
48,惊艳国风动画 新,46616
49,亲生父母逼儿子跳车碰瓷 新,46196
50,南非小伙钟情成都 新,45935
